BACKLINKS,DA,PA
http://www.pakranks.com/submit.php?LINK_TYPE=2,31,38
https://worldweb-directory.com/,18,46
http://www.targetsviews.com/,19,44
http://www.drtest.net/submit-url,19,36
https://www.pr8directory.com/store-url.php,27,39
http://www.fivestarsautopawn.com/submit-url,19,36
http://www.idahoindex.com/submit.php,18,36
https://gainweb.org/submit.php?LINK_TYPE=2,26,47
https://24directory.com.ar/submit.php?c=10&LINK_TYPE=8,68,25
http://gcast.info/submit.php?c=10&LINK_TYPE=2,42,25
https://www.blpdirectory.info/submit.php?c=641&LINK_TYPE=2,63,25
https://www.vbdirectory.info/submit.php?c=641&LINK_TYPE=8,65,21
https://www.thedirectory.com.ar/,60,47
https://www.mywebdirectory.com.ar/submit.php?c=492&LINK_TYPE=5,67,25
https://www.directoryws.com/submit.php,26,41
https://www.widedir.info/submit.php?c=492&LINK_TYPE=8,64,21
https://www.tfwd.org/submit.php,18,39
http://www.celestialdirectory.com/submit.php,23,36
https://www.10directory.info/submit.php?c=492&LINK_TYPE=5,63,25
https://www.1abc.org/submit.php,30,49
https://productselectoren.com/submit.php,20,34
https://www.onecooldir.com/submit.php,26,38
https://www.stansmithshoes.org/submit.php?c=492&LINK_TYPE=7,62,25
https://optimisationdirectory.info/submit.php?c=492&LINK_TYPE=8,64,25
https://www.newfreedirectory.com.ar.neobacklinks.net/submit.php?c=352&LINK_TYPE=7,55,22
https://www.blackgreendirectory.com/submit.php,21,33
http://www.royallinkup.com/submit?c=264&LINK_TYPE=1,21,25
https://www.ourdirectory.info/submit.php?c=492&LINK_TYPE=8,63,21
https://www.bizz-directory.com/submit.php,23,35
http://www.fivestarfastlane.info/submit.php,9,33
http://www.khersonrent.neobacklinks.com/submit.php?c=492&LINK_TYPE=7,55,21
https://executivedirectory.com.ar/submit.php?c=492&LINK_TYPE=7,67,24
http://gtspauae.neobacklinks.com/submit.php,55,21
https://www.darkdir.info/submit.php?c=492&LINK_TYPE=8,62,22
https://www.arcticdirectory.com/submit.php,24,33
https://links.snbuysell.com/add.php,14,29
https://www.82470.com/submit.php?c=492&LINK_TYPE=8,63,21
https://www.projectcollabmanila.neobacklinks.net/submit.php?c=492&LINK_TYPE=7,55,22
https://zendirectory.neobacklinks.net/submit.php?c=492&LINK_TYPE=7,55,22
https://www.web-host-industry.com/submit.php?c=492&LINK_TYPE=7,60,22
https://www.directoryempire.info/submit.php?c=492&LINK_TYPE=8,62,21
https://www.neobacklinks.net/submit.php?c=492&LINK_TYPE=2,55,22
https://www.gtspauae.com/submit.php?c=492&LINK_TYPE=7,62,22
https://web-host-industry.com/submit.php?c=492&LINK_TYPE=7,60,22
https://azurtrading.com/submit.php?c=492&LINK_TYPE=8,62,21
http://directory.traveltours.review/submit.php,8,29
https://coastradar.info/submit.php?c=492&LINK_TYPE=1,60,21
http://www.alistdirectory.com/submit.php,31,44
https://www.efdir.com/submit.php,28,34
https://mywebdirectory.com.ar/submit.php?c=492&LINK_TYPE=5,67,25